{"cameraMode":{"drawMode":0,"name":"Shaded","section":"Shading Mode"},"sceneLighting":false,"audioPlay":false,"sceneViewState":{"showFog":true,"showMaterialUpdate":false,"showSkybox":false,"showFlares":true,"showImageEffects":true,"showParticleSystems":true},"in2DMode":false,"pivot":{"x":-0.48000001907348635,"y":1.2300000190734864,"z":-0.9269999861717224},"rotation":{"x":0.134073406457901,"y":0.6151500344276428,"z":-0.10718042403459549,"w":0.7695186734199524},"size":0.4330127239227295,"orthographic":false}